NOME;ENDEREÇO ;CNPJ
SEDE;RUA HENRIQUE DIAS, 1000, MONTE CASTELO, SÃO JOSÉ DOS CAMPOS - SP CEP 12215-260;54.190.525/0001-66
CENTRO DE CONVIVÊNCIA ;RUA MEM DE SÁ, 120, VILA PROGRESSO, SÃO JOSÉ DOS CAMPOS - SP CEP: 12216-001;54.190.525/0001-66
EUGENIO DE MELO;RUA QUINZE DE NOVEMBRO, 259 - EUGÊNIO DE MELO, SÃO JOSÉ DOS CAMPOS - SP CEP 12247-210;54.190.525/0001-66
SICOOBCRESSEM LESTE;RUA PROFESSOR FELÍCIO SAVASTANO, 120, VILA INDUSTRIAL (DENTRO DO PROTOCOLO LESTE) SÃO JOSÉ DOS CAMPOS - SP CEP 12220-270;54.190.525/0001-66
SUL;AVENIDA ANDRÔMEDA, 693, SALA 61/63, JD. SATÉLITE (ESPAÇO ANDRÔMEDA), SÃO JOSÉ DOS CAMPOS - SP CEP 12230-000;54.190.525/0002-47
 SUL AGÊNCIA ;AVENIDA ANDRÔMEDA, 693, SALA 44/51, JD. SATÉLITE (ESPAÇO ANDRÔMEDA)SÃO JOSÉ DOS CAMPOS - SP CEP 12230-000;54.190.525/0002-47
JARDIM ORIENTE;RUA ANDORRA, 500, SALA 228, JARDIM AMÉRICA, SÃO JOSÉ DOS CAMPOS – SP CEP 12235-050;54.190.525/0001-66
CAÇAPAVA;RUA 7 DE SETEMBRO, 127, SALA 5, CENTRO, CAÇAPAVA - SP CEP 12281-620;54.190.525/0006-70
CAMPOS DO JORDÃO;AVENIDA FREI ORESTES GIRARDI, 893, LOJA 06, VILA ABERNÉSSIA (DENTRO DO ESPAÇO VIA CANDOTTI), CAMPOS DO JORDÃO - SP CEP 12467-012;54.190.525/0004-09
 CARAGUATATUBA ;AV. MIGUEL VARLEZ, 227 - JARDIM PRIMAVERA, PISO SUPERIOR, SALA 1, CARAGUATATUBA - SP CEP 11660-650;54.190.525/0001-66
CRUZEIRO;RUA CORONEL JOSÉ DE CASTRO, 540, CENTRO, CRUZEIRO - SP CEP 12701-450;54.190.525/0001-66
 ILHABELA;RUA QUINZE DE NOVEMBRO, 259 - EUGÊNIO DE MELO, SÃO JOSÉ DOS CAMPOS - SP CEP 12247-210;54.190.525/0001-66
JACAREÍ ;RUA LAMARTINE DELAMARE, 160, SALA 02 E 03, CENTRO, JACAREÍ - SP CEP 12327-010;54.190.525/0001-66
JAMBEIRO AGÊNCIA ;RUA MAJOR GURGEL, 165, CENTRO, JAMBEIRO - SP CEP 12270-000;54.190.525/0007-51
PARAIBUNA ;RUA CEL. CAMARGO, 161, CALÇADÃO, CENTRO, PARAIBUNA - SP CEP 12260-000;54.190.525/0003-28
PARAIBUNA AGÊNCIA ;ENDEREÇO: RUA MAJOR SANTANA, 107, CEDRAP, VILA MODESTO, PARAIBUNA - SP CEP 12260-000;54.190.525/0003-28
SÃO FRANCISCO XAVIER ;RUA 15 DE NOVEMBRO, 900, SALA 2, CENTRO DE SFX, SÃO JOSÉ DOS CAMPOS - SP CEP 11608-614;54.190.525/0001-66
SÃO SEBASTIÃO ;RUA SEBASTIÃO SILVESTRE NEVES, 279, SALA 28, CENTRO, SÃO SEBASTIÃO - SP CEP 11608-614;54.190.525/0001-66
TAUBATÉ ;RUA CEL. MARCONDES DE MATTOS, 25, LOJA 05, CENTRO, TAUBATÉ - SP CEP 12010-100;54.190.525/0001-66
UBATUBA ; AVENIDA DONA MARIA ALVES, 865, PAÇO MUNICIPAL (SALA AO LADO DO GABINETE), CENTRO, UBATUBA - SP CEP 11690-156;54.190.525/0001-66
;;
