ITEM ;NOME;AMBIENTE;LOCAL ;TAG ;ENDEREÇO ;CNPJ;MODELO;NUMERO DE SERIE
1;SEDE;GARAGEM;SALA TI/CPD/CFTV;SSS-ST-001;RUA HENRIQUE DIAS, 1000, MONTE CASTELO, SÃO JOSÉ DOS CAMPOS - SP CEP 12215-260;54.190.525/0001-66;AR CONDICIONADO SPLIT CASSETE INVERTER LG 24000 BTUS QUENTE E FRIO 220V ATNW24GPLP0.ANWZBRZ ;911AZXC9U082
2;SEDE;GARAGEM;SALA TI/CPD/CFTV;SSS-ST-002;RUA HENRIQUE DIAS, 1000, MONTE CASTELO, SÃO JOSÉ DOS CAMPOS - SP CEP 12215-260;54.190.525/0001-66;AR CONDICIONADO SPLIT HIGHWALL INVERTER LG 18000 BTUS QUENTE E FRIO 220V S4NQ18KL31B.EB2GAM1 ; 402AZTH3N233
3;SEDE;SEDE PISO TÉRREO;HALL ELEVADOR;SPT-HE-001;RUA HENRIQUE DIAS, 1000, MONTE CASTELO, SÃO JOSÉ DOS CAMPOS - SP CEP 12215-260;54.190.525/0001-66;AR CONDICIONADO SPLIT CASSETE INVERTER LG 24000 BTUS QUENTE E FRIO 220V ATNW24GPLP0.ANWZBRZ; 911AZAL9U104
4;SEDE;SEDE PISO TÉRREO;CX ELETRÔNICO;SPT-CX-002;RUA HENRIQUE DIAS, 1000, MONTE CASTELO, SÃO JOSÉ DOS CAMPOS - SP CEP 12215-260;54.190.525/0001-66;AR CONDICIONADO SPLIT CASSETE INVERTER LG 36000 BTUS QUENTE E FRIO 220V ATUW36GMLP0.ANWZBRZ; 912AZGF1A063
5;SEDE;SEDE PISO TÉRREO;RECEPÇÃO;SPT-RE-003;RUA HENRIQUE DIAS, 1000, MONTE CASTELO, SÃO JOSÉ DOS CAMPOS - SP CEP 12215-260;54.190.525/0001-66;AR CONDICIONADO SPLIT CASSETE INVERTER LG 36000 BTUS QUENTE E FRIO 220V ATUW36GMLP0.ANWZBRZ;912AZKA11093
6;SEDE;SEDE PISO TÉRREO;ESPERA;SPT-ES-004;RUA HENRIQUE DIAS, 1000, MONTE CASTELO, SÃO JOSÉ DOS CAMPOS - SP CEP 12215-260;54.190.525/0001-66;AR CONDICIONADO SPLIT CASSETE INVERTER LG 36000 BTUS QUENTE E FRIO 220V ATUW36GMLP0.ANWZBRZ;912AZDB11090
7;SEDE;SEDE PISO TÉRREO;ATENDIMENTO;SPT-AT-005;RUA HENRIQUE DIAS, 1000, MONTE CASTELO, SÃO JOSÉ DOS CAMPOS - SP CEP 12215-260;54.190.525/0001-66;AR CONDICIONADO SPLIT CASSETE INVERTER LG 24000 BTUS QUENTE FRIO ATNW24GPLP0.ANWZBRZ;912AZBZ7B997
8;SEDE;SEDE PISO TÉRREO;ATENDIMENTO;SPT-AT-006;RUA HENRIQUE DIAS, 1000, MONTE CASTELO, SÃO JOSÉ DOS CAMPOS - SP CEP 12215-260;54.190.525/0001-66;AR CONDICIONADO SPLIT CASSETE INVERTER LG 24000 BTUS QUENTE FRIO ATNW24GPLP0.ANWZBRZ;912AZBZ52549
9;SEDE;SEDE PISO TÉRREO;GERENCIA ATENDIMENTO;SPT-GA-007;RUA HENRIQUE DIAS, 1000, MONTE CASTELO, SÃO JOSÉ DOS CAMPOS - SP CEP 12215-260;54.190.525/0001-66;AR CONDICIONADO SPLIT CASSETE INVERTER LG 24000 BTUS QUENTE FRIO ATNW24GPLP0.ANWZBRZ;912AZCQ7C003
10;SEDE;SEDE PISO TÉRREO;GERENCIA ATENDIMENTO;SPT-GA-008;RUA HENRIQUE DIAS, 1000, MONTE CASTELO, SÃO JOSÉ DOS CAMPOS - SP CEP 12215-260;54.190.525/0001-66;AR CONDICIONADO SPLIT CASSETE INVERTER LG 24000 BTUS QUENTE FRIO ATNW24GPLP0.ANWZBRZ;912AZJT7B996
11;SEDE;SEDE PISO TÉRREO;AGÊNCIA;SPT-AG-009;RUA HENRIQUE DIAS, 1000, MONTE CASTELO, SÃO JOSÉ DOS CAMPOS - SP CEP 12215-260;54.190.525/0001-66;AR CONDICIONADO SPLIT CASSETE INVERTER LG 24000 BTUS QUENTE FRIO ATNW24GPLP0.ANWZBRZ;911AZSP9U358
12;SEDE;SEDE PISO TÉRREO;AGÊNCIA;SPT-AG-010;RUA HENRIQUE DIAS, 1000, MONTE CASTELO, SÃO JOSÉ DOS CAMPOS - SP CEP 12215-260;54.190.525/0001-66;AR CONDICIONADO SPLIT CASSETE INVERTER LG 24000 BTUS QUENTE FRIO ATNW24GPLP0.ANWZBRZ;912AZCQ52531
13;SEDE;SEDE PISO TÉRREO;TESOURARIA;SPT-TE-011;RUA HENRIQUE DIAS, 1000, MONTE CASTELO, SÃO JOSÉ DOS CAMPOS - SP CEP 12215-260;54.190.525/0001-66;AR CONDICIONADO SPLIT CASSETE INVERTER LG 24000 BTUS QUENTE FRIO ATNW24GPLP0.ANWZBRZ;912AZAL3U328
14;SEDE;SEDE PISO TÉRREO;LOUNGE CAFE;SPT-LC-012;RUA HENRIQUE DIAS, 1000, MONTE CASTELO, SÃO JOSÉ DOS CAMPOS - SP CEP 12215-260;54.190.525/0001-66;AR CONDICIONADO SPLIT CASSETE INVERTER LG 24000 BTUS QUENTE FRIO ATNW24GPLP0.ANWZBRZ;912AZPU7C000
15;SEDE;SEDE PISO TÉRREO;ATENDIMENTO SEGURO;SPT-AS-013;RUA HENRIQUE DIAS, 1000, MONTE CASTELO, SÃO JOSÉ DOS CAMPOS - SP CEP 12215-260;54.190.525/0001-66;AR CONDICIONADO SPLIT CASSETE INVERTER LG 24000 BTUS QUENTE FRIO ATNW24GPLP0.ANWZBRZ;911AZBZ9U085
16;SEDE;SEDE PISO TÉRREO;ATENDIMENTO SEGURO;SPT-AS-014;RUA HENRIQUE DIAS, 1000, MONTE CASTELO, SÃO JOSÉ DOS CAMPOS - SP CEP 12215-260;54.190.525/0001-66;AR CONDICIONADO SPLIT CASSETE INVERTER LG 24000 BTUS QUENTE FRIO ATNW24GPLP0.ANWZBRZ;911AZWS9U057
17;SEDE;SEDE PISO TÉRREO;CORREDOR E ENTRADA;SPT-CE-015;RUA HENRIQUE DIAS, 1000, MONTE CASTELO, SÃO JOSÉ DOS CAMPOS - SP CEP 12215-260;54.190.525/0001-66;AR CONDICIONADO SPLIT CASSETE INVERTER LG 24000 BTUS QUENTE FRIO ATNW24GPLP0.ANWZBRZ;911AZHY9U065
18;SEDE;SEDE PISO TÉRREO;CORREDOR E ENTRADA;SPT-CE-016;RUA HENRIQUE DIAS, 1000, MONTE CASTELO, SÃO JOSÉ DOS CAMPOS - SP CEP 12215-260;54.190.525/0001-66;AR CONDICIONADO SPLIT CASSETE INVERTER LG 24000 BTUS QUENTE FRIO ATNW24GPLP0.ANWZBRZ;911AZYE9U090
19;SEDE;SEDE PISO TÉRREO;ANÁLISE TECNICA;SPT-AL-017;RUA HENRIQUE DIAS, 1000, MONTE CASTELO, SÃO JOSÉ DOS CAMPOS - SP CEP 12215-260;54.190.525/0001-66;AR CONDICIONADO SPLIT CASSETE INVERTER LG 24000 BTUS QUENTE FRIO ATNW24GPLP0.ANWZBRZ;912AZRD52550
20;SEDE;SEDE PISO TÉRREO;COPA;SPT-CO-018;RUA HENRIQUE DIAS, 1000, MONTE CASTELO, SÃO JOSÉ DOS CAMPOS - SP CEP 12215-260;54.190.525/0001-66;AR CONDICIONADO SPLIT CASSETE INVERTER LG 18000 BTUS QUENTE FRIO ATNW18GPLP0.ANWZBRZ;909AZGF7R327
21;SEDE;SEDE PISO TÉRREO;GUARITA;SPT-GU-019;RUA HENRIQUE DIAS, 1000, MONTE CASTELO, SÃO JOSÉ DOS CAMPOS - SP CEP 12215-260;54.190.525/0001-66;AR CONDICIONADO SPLIT HI WALL INVERTER WI-FI SPRINGER MIDEA 18000 BTUS QUENTE FRIO 42MBQA18M5/38MBQA18M5;11706148
22;SEDE;SEDE PISO TÉRREO;SALA DO NOBREAK;SPT-NB-020;RUA HENRIQUE DIAS, 1000, MONTE CASTELO, SÃO JOSÉ DOS CAMPOS - SP CEP 12215-260;54.190.525/0001-66;AR CONDICIONADO SPLIT HI-WALL INVERTER DAIKIN 12000 BTUS FRIO ADVANCE 220V FTK12P5VL | RK12P5VL;R519239
23;SEDE;SEDE PISO SUPERIOR;HALL ELEVADOR;SPS-HE-001 ;RUA HENRIQUE DIAS, 1000, MONTE CASTELO, SÃO JOSÉ DOS CAMPOS - SP CEP 12215-260;54.190.525/0001-66;AR CONDICIONADO SPLIT CASSETE INVERTER LG 18000 BTUS QUENTE FRIO ATNW18GPLP0.ANWZBRZ;908AZCQAE939
24;SEDE;SEDE PISO SUPERIOR;HALL ELEVADOR;SPS-HE-002;RUA HENRIQUE DIAS, 1000, MONTE CASTELO, SÃO JOSÉ DOS CAMPOS - SP CEP 12215-260;54.190.525/0001-66;AR CONDICIONADO SPLIT CASSETE INVERTER LG 18000 BTUS QUENTE FRIO ATNW18GPLP0.ANWZBRZ;908AZFMAE907
25;SEDE;SEDE PISO SUPERIOR;CORREDOR E ENTRADA;SPS-CE-003;RUA HENRIQUE DIAS, 1000, MONTE CASTELO, SÃO JOSÉ DOS CAMPOS - SP CEP 12215-260;54.190.525/0001-66;AR CONDICIONADO SPLIT CASSETE INVERTER LG 24000 BTUS QUENTE FRIO ATNW24GPLP0.ANWZBRZ;908AZGF5X383
26;SEDE;SEDE PISO SUPERIOR;CORREDOR E ENTRADA;SPS-CE-004;RUA HENRIQUE DIAS, 1000, MONTE CASTELO, SÃO JOSÉ DOS CAMPOS - SP CEP 12215-260;54.190.525/0001-66;AR CONDICIONADO SPLIT CASSETE INVERTER LG 24000 BTUS QUENTE FRIO ATNW24GPLP0.ANWZBRZ;909AZPU6N608
27;SEDE;SEDE PISO SUPERIOR;REUNIÃO;SPS-SR-005;RUA HENRIQUE DIAS, 1000, MONTE CASTELO, SÃO JOSÉ DOS CAMPOS - SP CEP 12215-260;54.190.525/0001-66;AR CONDICIONADO SPLIT CASSETE INVERTER LG 24000 BTUS QUENTE FRIO ATNW24GPLP0.ANWZBRZ;908AZYEAE938
28;SEDE;SEDE PISO SUPERIOR;REUNIÃO;SPS-SR-006;RUA HENRIQUE DIAS, 1000, MONTE CASTELO, SÃO JOSÉ DOS CAMPOS - SP CEP 12215-260;54.190.525/0001-66;AR CONDICIONADO SPLIT CASSETE INVERTER LG 18000 BTUS QUENTE FRIO ATNW18GPLP0.ANWZBRZ;908AZXCAE906
29;SEDE;SEDE PISO SUPERIOR;CONSELHO;SPS-SC-007;RUA HENRIQUE DIAS, 1000, MONTE CASTELO, SÃO JOSÉ DOS CAMPOS - SP CEP 12215-260;54.190.525/0001-66;AR CONDICIONADO SPLIT CASSETE INVERTER LG 18000 BTUS QUENTE FRIO ATNW18GPLP0.ANWZBRZ;908AZHYAE937
30;SEDE;SEDE PISO SUPERIOR;PRESIDÊNCIA CONSELHO;SPS-SP-008;RUA HENRIQUE DIAS, 1000, MONTE CASTELO, SÃO JOSÉ DOS CAMPOS - SP CEP 12215-260;54.190.525/0001-66;AR CONDICIONADO SPLIT CASSETE INVERTER LG 24000 BTUS QUENTE FRIO ATNW24GPLP0.ANWZBRZ;908AZMG5X411
31;SEDE;SEDE PISO SUPERIOR;RECEPÇÃO;SPS-RE-009;RUA HENRIQUE DIAS, 1000, MONTE CASTELO, SÃO JOSÉ DOS CAMPOS - SP CEP 12215-260;54.190.525/0001-66;AR CONDICIONADO SPLIT CASSETE INVERTER LG 24000 BTUS QUENTE FRIO ATNW24GPLP0.ANWZBRZ;909AZBZ6N869
32;SEDE;SEDE PISO SUPERIOR;LOUNGE ESPERA;SPS-LE-010;RUA HENRIQUE DIAS, 1000, MONTE CASTELO, SÃO JOSÉ DOS CAMPOS - SP CEP 12215-260;54.190.525/0001-66;AR CONDICIONADO SPLIT CASSETE INVERTER LG 36000 BTUS QUENTE E FRIO 220V ATUW36GMLP0.ANWZBR1;408AZTH0F633
33;SEDE;SEDE PISO SUPERIOR;DIRETORIA OPERACIONAL;SPS-SD-011;RUA HENRIQUE DIAS, 1000, MONTE CASTELO, SÃO JOSÉ DOS CAMPOS - SP CEP 12215-260;54.190.525/0001-66;AR CONDICIONADO SPLIT CASSETE INVERTER LG 18000 BTUS QUENTE FRIO ATNW18GPLP0.ANWZBRZ;909AZPU7R320
34;SEDE;SEDE PISO SUPERIOR;ASSESSORIA PRESIDÊNCIA;SPS-SD-012;RUA HENRIQUE DIAS, 1000, MONTE CASTELO, SÃO JOSÉ DOS CAMPOS - SP CEP 12215-260;54.190.525/0001-66;AR CONDICIONADO SPLIT CASSETE INVERTER LG 18000 BTUS QUENTE FRIO ATNW18GPLP0.ANWZBRZ;908AZQVAE892
35;SEDE;SEDE PISO SUPERIOR;DIRETOR PRESIDENTE;SPS-SD-013;RUA HENRIQUE DIAS, 1000, MONTE CASTELO, SÃO JOSÉ DOS CAMPOS - SP CEP 12215-260;54.190.525/0001-66;AR CONDICIONADO SPLIT CASSETE INVERTER LG 24000 BTUS QUENTE FRIO ATNW24GPLP0.ANWZBRZ;005AZBZ5N877
36;SEDE;SEDE PISO SUPERIOR;AUDITÓRIO;SPS-AU-014;RUA HENRIQUE DIAS, 1000, MONTE CASTELO, SÃO JOSÉ DOS CAMPOS - SP CEP 12215-260;54.190.525/0001-66;AR CONDICIONADO SPLIT CASSETE INVERTER LG 48.000 BTUS QUENTE E FRIO 220VATNW48GMLP0.ANWZBR2;912AZRD6Q390
37;SEDE;SEDE PISO SUPERIOR;AUDITÓRIO;SPS-AU-015;RUA HENRIQUE DIAS, 1000, MONTE CASTELO, SÃO JOSÉ DOS CAMPOS - SP CEP 12215-260;54.190.525/0001-66;AR CONDICIONADO SPLIT CASSETE INVERTER LG 48.000 BTUS QUENTE E FRIO 220VATNW48GMLP0.ANWZBRZ;912AZBZ7H805
38;SEDE;SEDE PISO SUPERIOR;AUDITÓRIO;SPS-AU-016;RUA HENRIQUE DIAS, 1000, MONTE CASTELO, SÃO JOSÉ DOS CAMPOS - SP CEP 12215-260;54.190.525/0001-66;AR CONDICIONADO SPLIT CASSETE INVERTER LG 48.000 BTUS QUENTE E FRIO 220VATNW48GMLP0.ANWZBRZ;912AZBZ6Q389
39;SEDE;SEDE PISO SUPERIOR;AUDITÓRIO;SPS-AU-017;RUA HENRIQUE DIAS, 1000, MONTE CASTELO, SÃO JOSÉ DOS CAMPOS - SP CEP 12215-260;54.190.525/0001-66;AR CONDICIONADO SPLIT CASSETE INVERTER LG 48.000 BTUS QUENTE E FRIO 220VATNW48GMLP0.ANWZBRZ;912AZUJ7H822
40;SEDE;ANEXO PISO TÉRREO;SALA ADMINISTRAÇÃO;APT-SA-001;RUA HENRIQUE DIAS, 1000, MONTE CASTELO, SÃO JOSÉ DOS CAMPOS - SP CEP 12215-260;54.190.525/0001-66;AR CONDICIONADO SPLIT CASSETE INVERTER LG 36000 BTUS QUENTE E FRIO 220V ATUW36GMLP0.ANWZBRZ;007AZXCA2306
41;SEDE;ANEXO PISO TÉRREO;SALA ADMINISTRAÇÃO;APT-SA-002;RUA HENRIQUE DIAS, 1000, MONTE CASTELO, SÃO JOSÉ DOS CAMPOS - SP CEP 12215-260;54.190.525/0001-66;AR CONDICIONADO SPLIT CASSETE INVERTER LG 36000 BTUS QUENTE E FRIO 220V ATUW36GMLP0.ANWZBRZ;102AZNK6C367
42;SEDE;ANEXO PISO TÉRREO;SALA ADMINISTRAÇÃO;APT-SA-003;RUA HENRIQUE DIAS, 1000, MONTE CASTELO, SÃO JOSÉ DOS CAMPOS - SP CEP 12215-260;54.190.525/0001-66;AR CONDICIONADO SPLIT CASSETE INVERTER LG 36000 BTUS QUENTE E FRIO 220V ATUW36GMLP0.ANWZBRZ;007AZJTA2212
43;SEDE;ANEXO PISO TÉRREO;SALA ADMINISTRAÇÃO;APT-SA-004;RUA HENRIQUE DIAS, 1000, MONTE CASTELO, SÃO JOSÉ DOS CAMPOS - SP CEP 12215-260;54.190.525/0001-66;AR CONDICIONADO SPLIT CASSETE INVERTER LG 36000 BTUS QUENTE E FRIO 220V ATUW36GMLP0.ANWZBRZ;102AZAL6C368
44;SEDE;ANEXO PISO TÉRREO;SALA ADMINISTRAÇÃO;APT-SA-005;RUA HENRIQUE DIAS, 1000, MONTE CASTELO, SÃO JOSÉ DOS CAMPOS - SP CEP 12215-260;54.190.525/0001-66;AR CONDICIONADO SPLIT CASSETE INVERTER LG 36000 BTUS QUENTE E FRIO 220V ATUW36GMLP0.ANWZBRZ;005AZAL3P576
45;SEDE;ANEXO PISO TÉRREO;SALA ADMINISTRAÇÃO;APT-SA-006;RUA HENRIQUE DIAS, 1000, MONTE CASTELO, SÃO JOSÉ DOS CAMPOS - SP CEP 12215-260;54.190.525/0001-66;AR CONDICIONADO SPLIT CASSETE INVERTER LG 36000 BTUS QUENTE E FRIO 220V ATUW36GMLP0.ANWZBRZ;007AZBZDA973
46;SEDE;ANEXO PISO TÉRREO;SALA ALMOXARIFADO;APT-AL-007;RUA HENRIQUE DIAS, 1000, MONTE CASTELO, SÃO JOSÉ DOS CAMPOS - SP CEP 12215-260;54.190.525/0001-66;AR CONDICIONADO SPLIT CASSETE INVERTER LG 24000 BTUS QUENTE E FRIO 220V ATUW24GMLP0.ANWZBRZ;211AZJT4E036
47;SEDE;ANEXO PISO TÉRREO;SALA TECNO INFO;APT-SI-008;RUA HENRIQUE DIAS, 1000, MONTE CASTELO, SÃO JOSÉ DOS CAMPOS - SP CEP 12215-260;54.190.525/0001-66;AR CONDICIONADO SPLIT CASSETE INVERTER LG 18000 BTUS QUENTE FRIO ATNW18GPLP0.ANWZBRZ;012AZCQ74923
48;SEDE;ANEXO PISO TÉRREO;SALA TECNO INFO;APT-SI-009;RUA HENRIQUE DIAS, 1000, MONTE CASTELO, SÃO JOSÉ DOS CAMPOS - SP CEP 12215-260;54.190.525/0001-66;AR CONDICIONADO SPLIT CASSETE INVERTER LG 36000 BTUS QUENTE E FRIO 220V ATUW36GMLP0.ANWZBR1;401AZYE7V186
49;SEDE;ANEXO PISO TÉRREO;SALA TECNO INFO;APT-SI-010;RUA HENRIQUE DIAS, 1000, MONTE CASTELO, SÃO JOSÉ DOS CAMPOS - SP CEP 12215-260;54.190.525/0001-66;AR CONDICIONADO SPLIT CASSETE INVERTER LG 36000 BTUS QUENTE E FRIO 220V ATUW36GMLP0.ANWZBR1;401AZALD0872
50;SEDE;ANEXO PISO SUPERIOR;REFEITÓRIO;APS-RF-001;RUA HENRIQUE DIAS, 1000, MONTE CASTELO, SÃO JOSÉ DOS CAMPOS - SP CEP 12215-260;54.190.525/0001-66;AR CONDICIONADO SPLIT TETO INVERTER LG 36000 BTUS QUENTE/FRIO  AVNW36GM1P0.ANWZBRZ;708TADRA3442
51;SEDE;ANEXO PISO SUPERIOR;REFEITÓRIO;APS-RF-002;RUA HENRIQUE DIAS, 1000, MONTE CASTELO, SÃO JOSÉ DOS CAMPOS - SP CEP 12215-260;54.190.525/0001-66;AR CONDICIONADO SPLIT TETO INVERTER LG 36000 BTUS QUENTE/FRIO  AVNW36GM1P0.ANWZBRZ;903AZCQ5K635
52;SEDE;ANEXO PISO SUPERIOR;REFEITÓRIO;APS-RF-003;RUA HENRIQUE DIAS, 1000, MONTE CASTELO, SÃO JOSÉ DOS CAMPOS - SP CEP 12215-260;54.190.525/0001-66;AR CONDICIONADO SPLIT TETO INVERTER LG 36000 BTUS QUENTE/FRIO  AVNW36GM1P0.ANWZBRZ;903AZFM5W195
53;SEDE;ANEXO PISO SUPERIOR;REFEITÓRIO;APS-RF-004;RUA HENRIQUE DIAS, 1000, MONTE CASTELO, SÃO JOSÉ DOS CAMPOS - SP CEP 12215-260;54.190.525/0001-66;AR CONDICIONADO SPLIT TETO INVERTER LG 36000 BTUS QUENTE/FRIO  AVNW36GM1P0.ANWZBRZ;903AZGF5W207
54;SEDE;ANEXO PISO SUPERIOR;REFEITÓRIO / DESCOMPRESSÃO;APS-RF-005;RUA HENRIQUE DIAS, 1000, MONTE CASTELO, SÃO JOSÉ DOS CAMPOS - SP CEP 12215-260;54.190.525/0001-66;AR CONDICIONADO SPLIT INVERTER SPRINGER MIDEA HI WALL 18.000 BTUS FRIO 42MBC18M5;4218B14341185
55;CENTRO DE CONVIVENCIA;CENTRO DE CONVIVENCIA PISO TÉRREO;GUARITA;CPT-GU-001;RUA MEM DE SÁ, 120, VILA PROGRESSO, SÃO JOSÉ DOS CAMPOS - SP CEP: 12216-001;54.190.525/0001-66;AR CONDICIONADO SPLIT HI WALL INVERTER WI-FI SPRINGER MIDEA 12000 BTUS FRIO 42QCAA12M5;11708497
56;CENTRO DE CONVIVENCIA;CENTRO DE CONVIVENCIA PISO TÉRREO;RECEPÇÃO;CPT-RE-002;RUA MEM DE SÁ, 120, VILA PROGRESSO, SÃO JOSÉ DOS CAMPOS - SP CEP: 12216-001;54.190.525/0001-66;AR CONDICIONADO SPLIT CASSETE INVERTER LG 24000 BTUS QUENTE E FRIO 220V ATNW24GPLP1.ANWZBRZ;306AZAL0J704
57;CENTRO DE CONVIVENCIA;CENTRO DE CONVIVENCIA PISO TÉRREO;RECEPÇÃO;CPT-RE-003;RUA MEM DE SÁ, 120, VILA PROGRESSO, SÃO JOSÉ DOS CAMPOS - SP CEP: 12216-001;54.190.525/0001-66;AR CONDICIONADO SPLIT CASSETE INVERTER LG 24000 BTUS QUENTE E FRIO 220V ATNW24GPLP1.ANWZBRZ;306AZAL0J701
58;CENTRO DE CONVIVENCIA;CENTRO DE CONVIVENCIA PISO TÉRREO;RECEPÇÃO;CPT-RE-004;RUA MEM DE SÁ, 120, VILA PROGRESSO, SÃO JOSÉ DOS CAMPOS - SP CEP: 12216-001;54.190.525/0001-66;AR CONDICIONADO SPLIT CASSETE INVERTER LG 48000 BTUS QUENTE/FRIO ATNW48GMLP1.ANWZBRZ;301AZZX9V125
59;CENTRO DE CONVIVENCIA;CENTRO DE CONVIVENCIA PISO TÉRREO;AUDITÓRIO;CPT-AU-005;RUA MEM DE SÁ, 120, VILA PROGRESSO, SÃO JOSÉ DOS CAMPOS - SP CEP: 12216-001;54.190.525/0001-66;AR CONDICIONADO SPLIT PISO/TETO SPRINGER MIDEA 48000 BTUS FRIO 42XQD048515LC/38CQE048535MC; - 
60;CENTRO DE CONVIVENCIA;CENTRO DE CONVIVENCIA PISO TÉRREO;AUDITÓRIO;CPT-AU-006;RUA MEM DE SÁ, 120, VILA PROGRESSO, SÃO JOSÉ DOS CAMPOS - SP CEP: 12216-001;54.190.525/0001-66;AR CONDICIONADO SPLIT PISO/TETO SPRINGER MIDEA 58000 BTUS FRIO 42XQD060515LC/38CQD060535MC; - 
61;CENTRO DE CONVIVENCIA;CENTRO DE CONVIVENCIA PISO TÉRREO;GERENCIA ATENDIMENTO PJ;CPT-ST-007;RUA MEM DE SÁ, 120, VILA PROGRESSO, SÃO JOSÉ DOS CAMPOS - SP CEP: 12216-001;54.190.525/0001-66;AR CONDICIONADO SPLIT TETO INVERTER LG 36000 BTUS QUENTE/FRIO  AVNW36GM1P0.ANWZBRZ;107AZSP1N470
62;CENTRO DE CONVIVENCIA;CENTRO DE CONVIVENCIA PISO TÉRREO;SALA DE COSTURA;CPT-SC-008;RUA MEM DE SÁ, 120, VILA PROGRESSO, SÃO JOSÉ DOS CAMPOS - SP CEP: 12216-001;54.190.525/0001-66;AR CONDICIONADO SPLIT PISO/TETO SPRINGER MIDEA 58000 BTUS FRIO 42XQD060515LC/38CQD060535MC; -
63;CENTRO DE CONVIVENCIA;CENTRO DE CONVIVENCIA PISO TÉRREO;COPA/COZINHA;CPT-CO-009;RUA MEM DE SÁ, 120, VILA PROGRESSO, SÃO JOSÉ DOS CAMPOS - SP CEP: 12216-001;54.190.525/0001-66;AR CONDICIONADO SPLIT PISO/TETO SPRINGER MIDEA 48000 BTUS FRIO 42XQD048515LC/38CQE048535MC; -
64;CENTRO DE CONVIVENCIA;CENTRO DE CONVIVENCIA PISO SUPERIOR;RECEPÇÃO/SALA CONSELHO;CPS-RE-001;RUA MEM DE SÁ, 120, VILA PROGRESSO, SÃO JOSÉ DOS CAMPOS - SP CEP: 12216-001;54.190.525/0001-66;AR CONDICIONADO SPLIT TETO INVERTER LG 36000 BTUS QUENTE/FRIO 220V MONOFÁSICO AVNW36GM1P0.ANWZBRZ;009AZPUEA224
65;CENTRO DE CONVIVENCIA;CENTRO DE CONVIVENCIA PISO SUPERIOR;SALA ADMINISTRAÇÃO;CPS-SA-002;RUA MEM DE SÁ, 120, VILA PROGRESSO, SÃO JOSÉ DOS CAMPOS - SP CEP: 12216-001;54.190.525/0001-66;AR CONDICIONADO SPLIT TETO INVERTER LG 36000 BTUS QUENTE/FRIO  ATNW36GNLP1.ANWZBR1;403AZPUDR760
66;CENTRO DE CONVIVENCIA;CENTRO DE CONVIVENCIA PISO SUPERIOR;SALA PODCAST;CPS-SP-003;RUA MEM DE SÁ, 120, VILA PROGRESSO, SÃO JOSÉ DOS CAMPOS - SP CEP: 12216-001;54.190.525/0001-66;AR CONDICIONADO SPLIT CASSETE INVERTER LG 48000 BTUS QUENTE/FRIO ATNW48GMLP1.ANWZBRZ;301AZWS2S961
67;CENTRO DE CONVIVENCIA;CENTRO DE CONVIVENCIA PISO SUPERIOR;SALA TREINAMENTO;CPS-ST-004;RUA MEM DE SÁ, 120, VILA PROGRESSO, SÃO JOSÉ DOS CAMPOS - SP CEP: 12216-001;54.190.525/0001-66;AR CONDICIONADO SPLIT TETO INVERTER LG 36000 BTUS QUENTE/FRIO  ATNW36GNLP1.ANWZBR1;402AZAL7S728
68;CENTRO DE CONVIVENCIA;CENTRO DE CONVIVENCIA PISO SUPERIOR;SALA TREINAMENTO;CPS-ST-005;RUA MEM DE SÁ, 120, VILA PROGRESSO, SÃO JOSÉ DOS CAMPOS - SP CEP: 12216-001;54.190.525/0001-66;AR CONDICIONADO SPLIT TETO INVERTER LG 36000 BTUS QUENTE/FRIO  ATNW36GNLP1.ANWZBR1;402AZGF10679
69;CENTRO DE CONVIVENCIA;CENTRO DE CONVIVENCIA PISO SUPERIOR;SALA TREINAMENTO;CPS-ST-006;RUA MEM DE SÁ, 120, VILA PROGRESSO, SÃO JOSÉ DOS CAMPOS - SP CEP: 12216-001;54.190.525/0001-66;AR CONDICIONADO SPLIT TETO INVERTER LG 36000 BTUS QUENTE/FRIO  ATNW36GNLP1.ANWZBR1;401AZUJD0822
70;CENTRO DE CONVIVENCIA;CENTRO DE CONVIVENCIA PISO SUPERIOR;SALA TREINAMENTO;CPS-ST-007;RUA MEM DE SÁ, 120, VILA PROGRESSO, SÃO JOSÉ DOS CAMPOS - SP CEP: 12216-001;54.190.525/0001-66;AR CONDICIONADO SPLIT TETO INVERTER LG 36000 BTUS QUENTE/FRIO  ATNW36GNLP1.ANWZBR1;402AZLW10680
71;CENTRO DE CONVIVENCIA;CENTRO DE CONVIVENCIA PISO SUPERIOR;SALA PESSOAL CALLCENTER;CPS-SP-004;RUA MEM DE SÁ, 120, VILA PROGRESSO, SÃO JOSÉ DOS CAMPOS - SP CEP: 12216-001;54.190.525/0001-66;AR CONDICIONADO SPLIT HI-WALL INVERTER DAIKIN 18000 BTUS FRIO ADVANCE 220V FTK18P5VL | RK18P5VL;R513274
72;CENTRO DE CONVIVENCIA;CENTRO DE CONVIVENCIA PISO SUPERIOR;SALA TI/CPD/CFTV;CPS-ST-005;RUA MEM DE SÁ, 120, VILA PROGRESSO, SÃO JOSÉ DOS CAMPOS - SP CEP: 12216-001;54.190.525/0001-66;AR CONDICIONADO SPLIT HI WALL LG DUAL INVERTER  12000 BTUS FRIO S4NQ12JA3A5.EB2GAMZ;209AZERFY100
73;CENTRO DE CONVIVENCIA;CENTRO DE CONVIVENCIA PISO SUPERIOR;ANFITEATRO E DANÇA;CPS-AD-006;RUA MEM DE SÁ, 120, VILA PROGRESSO, SÃO JOSÉ DOS CAMPOS - SP CEP: 12216-001;54.190.525/0001-66;AR CONDICIONADO SPLIT TETO INVERTER LG 36000 BTUS QUENTE/FRIO  AVNW36GM1P0.ANWZBRZ;112AZBZ1J797
74;CENTRO DE CONVIVENCIA;CENTRO DE CONVIVENCIA PISO SUPERIOR;ANFITEATRO E DANÇA;CPS-AD-007;RUA MEM DE SÁ, 120, VILA PROGRESSO, SÃO JOSÉ DOS CAMPOS - SP CEP: 12216-001;54.190.525/0001-66;AR CONDICIONADO SPLIT TETO INVERTER LG 36000 BTUS QUENTE/FRIO  AVNW36GM1P0.ANWZBRZ;112AZUJ1J814
75;SUL;AG SUL;SALA TI/CPD/CFTV;AST-TI-001;AVENIDA ANDRÔMEDA, 693, SALA 61/63, JD. SATÉLITE (ESPAÇO ANDRÔMEDA), SÃO JOSÉ DOS CAMPOS - SP CEP 12230-000;54.190.525/0002-47;AR CONDICIONADO SPLIT CASSETE LG INVERTER 18000 BTUS QUENTE E FRIO  ATNW18GPLP0.ANWZBRZ ;812AZMG00163
76;SUL;AG SUL;ATENDIMENTO;AST-AT-002;AVENIDA ANDRÔMEDA, 693, SALA 61/63, JD. SATÉLITE (ESPAÇO ANDRÔMEDA), SÃO JOSÉ DOS CAMPOS - SP CEP 12230-000;54.190.525/0002-47;AR CONDICIONADO SPLIT CASSETE INVERTER LG 48.000 BTUS QUENTE E FRIO ATNW48GMLP0.ANWZBRZ;905AZSP47894
77;SUL;PA SUL;ATENDIMENTO;AST-AT-003;AVENIDA ANDRÔMEDA, 693, SALA 44/52, JD. SATÉLITE (ESPAÇO ANDRÔMEDA), SÃO JOSÉ DOS CAMPOS - SP CEP 12230-000;54.190.525/0002-47;AR CONDICIONADO SPLIT HI WALL SPRINGER MIDEA 18000 BTUS FRIO 42MBCA18M5;2718B135544070
78;SUL;PA SUL;ATENDIMENTO;AST-AT-004;AVENIDA ANDRÔMEDA, 693, SALA44/52, JD. SATÉLITE (ESPAÇO ANDRÔMEDA), SÃO JOSÉ DOS CAMPOS - SP CEP 12230-001;54.190.525/0002-47;AR CONDICIONADO SPLIT HI WALL SPRINGER MIDEA 24000 BTUS FRIO 42MBCA24M5;2818B13571780
79;jAMBEIRO;AG JAMBEIRO;ATENDIMENTO;AJA-AT-001;RUA MAJOR GURGEL, 165, CENTRO, JAMBEIRO - SP CEP 12270-000;54.190.525/0007-51;AR CONDICIONADO SPLIT TETO INVERTER LG 36000 BTUS QUENTE/FRIO  ATNW36GNLP1.ANWZBR1;307AZRD8954
80;jAMBEIRO;AG JAMBEIRO;ATENDIMENTO;AJA-AT-002;RUA MAJOR GURGEL, 165, CENTRO, JAMBEIRO - SP CEP 12270-000;54.190.525/0007-51;AR CONDICIONADO SPLIT TETO INVERTER LG 36000 BTUS QUENTE/FRIO  ATNW36GNLP1.ANWZBR1;307AZCQ8V307
81;jAMBEIRO;AG JAMBEIRO;ATENDIMENTO;AJA-AT-003;RUA MAJOR GURGEL, 165, CENTRO, JAMBEIRO - SP CEP 12270-000;54.190.525/0007-51;AR CONDICIONADO SPLIT TETO INVERTER LG 36000 BTUS QUENTE/FRIO  ATNW36GNLP1.ANWZBR1;307AZAL8V344
82;jAMBEIRO;AG JAMBEIRO;COPA;AJA-CO-004;RUA MAJOR GURGEL, 165, CENTRO, JAMBEIRO - SP CEP 12270-000;54.190.525/0007-51;AR CONDICIONADO SPLIT CASSETE LG INVERTER 18000 BTUS QUENTE E FRIO  ATNW18GPLP0.ANWZBRZ ;203AZWS00913
83;jAMBEIRO;AG JAMBEIRO;SALA TI/CFTV/NOBREAK;AJA-TI-005;RUA MAJOR GURGEL, 165, CENTRO, JAMBEIRO - SP CEP 12270-000;54.190.525/0007-51;AR CONDICIONADO SPLIT CASSETE LG INVERTER 18000 BTUS QUENTE E FRIO  ATNW18GPLP0.ANWZBRZ ;203AZKA00909
84;PARAIBUNA;AG PARAIBUNA CEDRAP;ATENDIMENTO;APA-AT-001;ENDEREÇO: RUA MAJOR SANTANA, 107, CEDRAP, VILA MODESTO, PARAIBUNA - SP CEP 12260-000;54.190.525/0003-28;AR CONDICIONADO SPLIT CASSETE INVERTER LG 24000 BTUS QUENTE FRIO ATNW24GPLP0.ANWZBRZ;107AZZX7N709
85;PARAIBUNA;AG PARAIBUNA CEDRAP;ATENDIMENTO;APA-AT-002;ENDEREÇO: RUA MAJOR SANTANA, 107, CEDRAP, VILA MODESTO, PARAIBUNA - SP CEP 12260-000;54.190.525/0003-28;AR CONDICIONADO SPLIT CASSETE INVERTER LG 24000 BTUS QUENTE FRIO ATNW24GPLP0.ANWZBRZ;107AZCQ7N707
86;PARAIBUNA;AG PARAIBUNA CEDRAP;ATENDIMENTO;APA-AT-003;ENDEREÇO: RUA MAJOR SANTANA, 107, CEDRAP, VILA MODESTO, PARAIBUNA - SP CEP 12260-000;54.190.525/0003-28;AR CONDICIONADO SPLIT CASSETE INVERTER LG 24000 BTUS QUENTE FRIO ATNW24GPLP0.ANWZBRZ;107AZTH2X889
87;PARAIBUNA;AG PARAIBUNA CEDRAP;ATENDIMENTO;APA-AT-004;ENDEREÇO: RUA MAJOR SANTANA, 107, CEDRAP, VILA MODESTO, PARAIBUNA - SP CEP 12260-000;54.190.525/0003-28;AR CONDICIONADO SPLIT CASSETE INVERTER LG 24000 BTUS QUENTE FRIO ATNW24GPLP0.ANWZBRZ;107AZFM7N627
88;PARAIBUNA;AG PARAIBUNA CEDRAP;ATM;APA-CX-005;ENDEREÇO: RUA MAJOR SANTANA, 107, CEDRAP, VILA MODESTO, PARAIBUNA - SP CEP 12260-000;54.190.525/0003-28;AR CONDICIONADO SPLIT CASSETE INVERTER LG 18000 BTUS QUENTE FRIO ATNW18GPLP0.ANWZBRZ;008AZLWA2592
89;PARAIBUNA;AG PARAIBUNA CEDRAP;SALA TI/CFTV/NOBREAK;APA-TI-006;ENDEREÇO: RUA MAJOR SANTANA, 107, CEDRAP, VILA MODESTO, PARAIBUNA - SP CEP 12260-000;54.190.525/0003-28;AR CONDICIONADO SPLIT CASSETE INVERTER LG 18000 BTUS QUENTE FRIO ATNW18GPLP0.ANWZBRZ;008AZPUA2656
90;PARAIBUNA;PA PARAIBUNA CENTRO;ATENDIMENTO;APA-AT-007;RUA CEL. CAMARGO, 161, CALÇADÃO, CENTRO, PARAIBUNA - SP CEP 12260-000;54.190.525/0003-28;AR CONDICIONADO SPLIT HI WALL LG DUAL INVERTER 9.000 BTUS S3NQ09AA31A.EB2GAM1;402AZHYY2E713
91;CAÇAPAVA;PA CAÇAPAVA;ATENDIMENTO;ACP-AT-001;RUA 7 DE SETEMBRO, 127, SALA 5, CENTRO, CAÇAPAVA - SP CEP 12281-620;54.190.525/0006-70;AR CONDICIONADO SPLIT HIGHWALL INVERTER LG 18000 BTUS QUENTE FRIO S4NW18KL31B.EB2GAMZ;201AZHYAV937
92;CAMPOS DO JORDÃO;PA CAMPOS DE JORDÃO;ATENDIMENTO;ACJ-AT-001;AVENIDA FREI ORESTES GIRARDI, 893, LOJA 06, VILA ABERNÉSSIA (DENTRO DO ESPAÇO VIA CANDOTTI), CAMPOS DO JORDÃO - SP CEP 12467-012;54.190.525/0004-09;AR CONDICIONADO SPLIT HIGHWALL INVERTER LG 24000 BTUS QUENTE FRIO S3NW24K231A.EB2GAM1; 408AZFM7E531
93;CARAGUÁ;PA CARAGUÁ;ATENDIMENTO;ACG-AT-001;AV. MIGUEL VARLEZ, 227 - JARDIM PRIMAVERA, PISO SUPERIOR, SALA 1, CARAGUATATUBA - SP CEP 11660-650;54.190.525/0001-66;AR CONDICIONADO SPLIT TETO INVERTER LG 36000 BTUS QUENTE/FRIO  AVNW36GM1P0.ANWZBRZ;202AZKA5Q405
94;CRUZEIRO;PA CRUZEIRO ;ATENDIMENTO;ACR-AT-001;RUA CORONEL JOSÉ DE CASTRO, 540, CENTRO, CRUZEIRO - SP CEP 12701-450;54.190.525/0001-66;AR CONDICIONADO SPLIT HI WALL DAIKIN INVERTER 24000 BTUS FRIO FTK24P5VL / RK24P5VL ;R008977
95;EUGENIO DE MELO;PA EUGENIO DE MELO;ATENDIMENTO;AEM-AT-001;RUA QUINZE DE NOVEMBRO, 259 - EUGÊNIO DE MELO, SÃO JOSÉ DOS CAMPOS - SP CEP 12247-210;54.190.525/0001-66;AR CONDICIONADO SPLIT HIGHWALL INVERTER LG 9.000 BTUS FRIO  S3NQ09AA31A.EB2GAM1;402AZZX2E717
96;ILHABELA;PA ILHA BELA;ATENDIMENTO;AIB-AT-001;RUA QUINZE DE NOVEMBRO, 259 - EUGÊNIO DE MELO, SÃO JOSÉ DOS CAMPOS - SP CEP 12247-210;54.190.525/0001-66;AR CONDICIONADO SPLIT HIGHWALL INVERTER LG FRIO 18.000 BTUS USNQ182CSG3.ANWGLAZ;801AZJT49380
97;JACAREÍ;PA JACAREÍ;ATENDIMENTO ESPERA;AJC-AT-001;RUA LAMARTINE DELAMARE, 160, SALA 02 E 03, CENTRO, JACAREÍ - SP CEP 12327-010;54.190.525/0001-66;AR CONDICIONADO SPLIT HIGHWALL INVERTER LG QUENTE E FRIO 18.000 BTUS S4NQ18KL3WB.EB2GAMZ;907AZNK4F463
98;JACAREÍ;PA JACAREÍ;ATENDIMENTO;AJC-AT-002;RUA LAMARTINE DELAMARE, 160, SALA 02 E 03, CENTRO, JACAREÍ - SP CEP 12327-010;54.190.525/0001-66;AR CONDICIONADO SPLIT HIGHWALL INVERTER LG QUENTE E FRIO 18.000 BTUS S4NQ18KL3WB.EB2GAMZ; 907AZWS38489
99;ORIENTE;PA ORIENTE;ATENDIMENTO;AJM-AT-001;RUA ANDORRA, 500, SALA 228, JARDIM AMÉRICA, SÃO JOSÉ DOS CAMPOS – SP CEP 12235-050;54.190.525/0001-66;AR CONDICIONADO SPLIT CASSETE INVERTER LG 36.000 BTUS QUENTE E FRIO ATNW36GNLP1.ANWZBRZ;305AZDB5W346
100;SÃO SEBASTIÃO;PA SÃO SEBASTIÃO;ATENDIMENTO;ASB-AT-001;RUA SEBASTIÃO SILVESTRE NEVES, 279, SALA 28, CENTRO, SÃO SEBASTIÃO - SP CEP 11608-614;54.190.525/0001-66;AR CONDICIONADO SPLIT HI WALL SPRINGER MIDEA 18000 BTUS FRIO 42MBCA18M5 ;2718B135544070
101;SÃO SEBASTIÃO;PA SÃO SEBASTIÃO;ATENDIMENTO;ASB-AT-002;RUA SEBASTIÃO SILVESTRE NEVES, 279, SALA 28, CENTRO, SÃO SEBASTIÃO - SP CEP 11608-614;54.190.525/0001-66;AR CONDICIONADO SPLIT TETO INVERTER LG 36000 BTUS QUENTE/FRIO  AVNW36GM1P0.ANWZBRZ;903AQZSP5W206
102;SFX;PA SFX;ATENDIMENTO;ASF-AT-001;RUA 15 DE NOVEMBRO, 900, SALA 2, CENTRO DE SFX, SÃO JOSÉ DOS CAMPOS - SP CEP 11608-614;54.190.525/0001-66;AR CONDICIONADO SPLIT HIGHWALL INVERTER LG 12000 BTUS FRIO S3NW12JA31A.EB2GAM1;406AZUJEK406
103;SFX;PA SFX;ATENDIMENTO SEBRAE;ASF-AT-002;RUA 15 DE NOVEMBRO, 900, SALA 2, CENTRO DE SFX, SÃO JOSÉ DOS CAMPOS - SP CEP 11608-614;54.190.525/0001-66;AR CONDICIONADO SPLIT HIGHWALL INVERTER LG 12000 BTUS FRIO S3NW12JA31A.EB2GAM1;406AZFMEK315
104;TAUBATÉ;PA TAUBATÉ;ATENDIMENTO;ATB-AT-001;RUA CEL. MARCONDES DE MATTOS, 25, LOJA 05, CENTRO, TAUBATÉ - SP CEP 12010-100;54.190.525/0001-66;AR CONDICIONADO SPLIT HIGHWALL INVERTER LG 24000 BTUS FRIO S4NQ24K23WD.EB2GAMZ; 906AZQV1V436
105;UBATUBA;PA UBATUBA;ATENDIMENTO;AUB-AT-001; AVENIDA DONA MARIA ALVES, 865, PAÇO MUNICIPAL (SALA AO LADO DO GABINETE), CENTRO, UBATUBA - SP CEP 11690-156;54.190.525/0001-66;AR CONDICIONADO SPLIT HI WALL ELGIN 18000 BTUS FRIO HEFI18B2FB; -
